scenario,model,n,mean,se,low,high,recall_accuracy
recall/orthogonal/K4,ridge,1024,1.001362883723542e-16,1.1049802618942788e-18,9.796800149444499e-17,1.0230457525026342e-16,1.0
recall/orthogonal/K4,softmax,1024,0.0,0.0,0.0,0.0,1.0
recall/orthogonal/K4,hebbian,1024,9.378504233050777e-32,2.6227052487703865e-33,8.863854553627223e-32,9.89315391247433e-32,1.0
recall/orthogonal/K4,diagonal,1024,0.06021494320039763,0.0007428569291765729,0.05875724573081911,0.061672640669976145,0.994140625
recall/orthogonal/K4,delta,1024,9.070351797293707e-32,2.4088664426035313e-33,8.59766339929653e-32,9.543040195290885e-32,1.0
recall/orthogonal/K4,mamba3_siso_core,1024,9.804525321304915e-32,2.6269602251177524e-33,9.289040693991524e-32,1.0320009948618306e-31,1.0
recall/orthogonal/K4,mamba3_mimo_tied_core,1024,2.2848129896654642e-31,5.418916606478546e-33,2.178478368355858e-31,2.3911476109750705e-31,1.0
recall/orthogonal/K4,protected_qr,1024,7.037390403877482e-32,1.8140100889889385e-33,6.681429812725677e-32,7.393350995029288e-32,1.0
recall/orthogonal/K8,ridge,1024,9.920756617681129e-17,8.003899713686508e-19,9.763697244588471e-17,1.0077815990773788e-16,1.0
recall/orthogonal/K8,softmax,1024,0.0,0.0,0.0,0.0,1.0
recall/orthogonal/K8,hebbian,1024,1.249296679553283e-31,2.2788591966567273e-33,1.2045789532452787e-31,1.2940144058612872e-31,1.0
recall/orthogonal/K8,diagonal,1024,0.12347831121554885,0.0010448151047681164,0.12142808556027213,0.12552853687082557,0.930419921875
recall/orthogonal/K8,delta,1024,1.1272219927931307e-31,1.9665592278390252e-33,1.0886324838633993e-31,1.1658115017228622e-31,1.0
recall/orthogonal/K8,mamba3_siso_core,1024,1.3291125998009495e-31,2.403564253835753e-33,1.2819478040889484e-31,1.3762773955129506e-31,1.0
recall/orthogonal/K8,mamba3_mimo_tied_core,1024,2.64302180304915e-31,4.297409968836984e-33,2.5586943452133737e-31,2.727349260884926e-31,1.0
recall/orthogonal/K8,protected_qr,1024,9.056905417025812e-32,1.650581955078686e-33,8.733014093575795e-32,9.38079674047583e-32,1.0
recall/orthogonal/K16,ridge,1024,1.004361818095763e-16,5.469654378896388e-19,9.936287939636139e-17,1.015094842227912e-16,1.0
recall/orthogonal/K16,softmax,1024,0.0,0.0,0.0,0.0,1.0
recall/orthogonal/K16,hebbian,1024,2.491192297770252e-31,3.281979734344104e-33,2.42679048140348e-31,2.555594114137024e-31,1.0
recall/orthogonal/K16,diagonal,1024,1.0043618214000304e-16,5.469654380348272e-19,9.936287972650323e-17,1.0150948455350285e-16,1.0
recall/orthogonal/K16,delta,1024,1.9924246655752584e-31,2.4746754468352434e-33,1.9438644651490687e-31,2.040984866001448e-31,1.0
recall/orthogonal/K16,mamba3_siso_core,1024,2.7304819170767763e-31,3.385577741908754e-33,2.664047211905322e-31,2.7969166222482305e-31,1.0
recall/orthogonal/K16,mamba3_mimo_tied_core,1024,4.071334415586889e-31,5.0947432356143065e-33,3.971361001716478e-31,4.1713078294573e-31,1.0
recall/orthogonal/K16,protected_qr,1024,1.6546550006142732e-31,1.8132878545535866e-33,1.6190731138015577e-31,1.6902368874269887e-31,1.0
recall/orthogonal/K24,ridge,1024,0.3301176838082859,0.0026177148562289473,0.3249809795895708,0.33525438802700097,0.42081705729166663
recall/orthogonal/K24,softmax,1024,0.33011768380828577,0.0026177148562289473,0.3249809795895707,0.33525438802700086,0.42081705729166663
recall/orthogonal/K24,hebbian,1024,0.6611451647081994,0.003624032739501502,0.6540337773783447,0.6682565520380541,0.5247395833333334
recall/orthogonal/K24,diagonal,1024,0.3914787980069405,0.002650952310489059,0.38627687240969716,0.3966807236041839,0.3913981119791667
recall/orthogonal/K24,delta,1024,0.4551714172299546,0.0028734868909576893,0.44953281522558336,0.4608100192343258,0.25146484375
recall/orthogonal/K24,mamba3_siso_core,1024,0.631132362699161,0.0035885471098695133,0.6240906083100373,0.6381741170882846,0.4774576822916667
recall/orthogonal/K24,mamba3_mimo_tied_core,1024,0.6311323626991606,0.003588547109869511,0.6240906083100369,0.6381741170882843,0.4774576822916667
recall/orthogonal/K32,ridge,1024,0.4974915504762337,0.002826332545310721,0.49194547876622946,0.503037622186238,0.108367919921875
recall/orthogonal/K32,softmax,1024,0.4974915504762337,0.002826332545310721,0.49194547876622946,0.503037622186238,0.108367919921875
recall/orthogonal/K32,hebbian,1024,0.9984880571890578,0.003954427878834537,0.9907283402284885,1.006247774149627,0.25897216796875
recall/orthogonal/K32,diagonal,1024,0.4974915504762337,0.002826332545310721,0.49194547876622946,0.503037622186238,0.108367919921875
recall/orthogonal/K32,delta,1024,0.5599101145950491,0.0030115507817981752,0.5540005918030891,0.5658196373870091,0.14642333984375
recall/orthogonal/K32,mamba3_siso_core,1024,0.9674990612998972,0.0039178631897667255,0.9598110947028725,0.9751870278969218,0.227752685546875
recall/orthogonal/K32,mamba3_mimo_tied_core,1024,0.9674990612998966,0.003917863189766723,0.959811094702872,0.9751870278969212,0.227752685546875
recall/random/K4,ridge,1024,2.1413429346371223e-16,5.841092419674707e-18,2.026724018055539e-16,2.255961851218706e-16,1.0
recall/random/K4,softmax,1024,0.0,0.0,0.0,0.0,1.0
recall/random/K4,hebbian,1024,0.18513547110172857,0.004454367944418569,0.17639472893977826,0.19387621326367888,0.94970703125
recall/random/K4,diagonal,1024,0.1530736894692728,0.0028900716910403522,0.14740254335019465,0.15874483558835095,0.946533203125
recall/random/K4,delta,1024,0.11115032460891025,0.0031174544279941744,0.10503298861495158,0.11726766060286892,0.953125
recall/random/K4,mamba3_siso_core,1024,0.18513547110172857,0.004454367944418569,0.17639472893977826,0.19387621326367888,0.94970703125
recall/random/K4,mamba3_mimo_tied_core,1024,0.1851354711017284,0.004454367944418565,0.1763947289397781,0.1938762132636787,0.94970703125
recall/random/K4,protected_qr,1024,7.845113228378908e-32,2.0551865223259218e-33,7.441826932533604e-32,8.248399524224211e-32,1.0
recall/random/K8,ridge,1024,1.0742956873125056e-15,8.111041188757483e-17,9.151338924618507e-16,1.2334574821631605e-15,1.0
recall/random/K8,softmax,1024,0.0,0.0,0.0,0.0,1.0
recall/random/K8,hebbian,1024,0.4386367166734247,0.00610938224969315,0.42664836373992354,0.45062506960692583,0.7535400390625
recall/random/K8,diagonal,1024,0.2964235858770213,0.003474646795776047,0.2896053364363165,0.3032418353177261,0.6973876953125
recall/random/K8,delta,1024,0.2845103580053011,0.004560190937285218,0.27556196090622054,0.2934587551043817,0.7633056640625
recall/random/K8,mamba3_siso_core,1024,0.4082229608053036,0.005537087509774993,0.39735761361014366,0.4190883080004636,0.7493896484375
recall/random/K8,mamba3_mimo_tied_core,1024,0.4082229608053034,0.005537087509774988,0.39735761361014343,0.41908830800046337,0.7493896484375
recall/random/K8,protected_qr,1024,1.579389215095497e-31,3.138981507409227e-33,1.5177934323722187e-31,1.6409849978187752e-31,1.0
recall/random/K16,ridge,1024,8.645987240380895e-05,7.167677418536899e-05,-5.419043084284508e-05,0.00022711017565046296,1.0
recall/random/K16,softmax,1024,8.298750736164099e-26,8.298750736164095e-26,-7.985768494447875e-26,2.458326996677607e-25,1.0
recall/random/K16,hebbian,1024,0.9430256205820078,0.009569338437906819,0.9242478453757654,0.9618033957882501,0.4359130859375
recall/random/K16,diagonal,1024,0.467540393917687,0.003444932333436894,0.4607804527391259,0.4743003350962481,0.3111572265625
recall/random/K16,delta,1024,0.48060121589321797,0.0035314990116876335,0.47367140616678477,0.48753102561965117,0.27667236328125
recall/random/K16,mamba3_siso_core,1024,0.8542283020290654,0.00834512983706854,0.8378527737556964,0.8706038303024344,0.42767333984375
recall/random/K16,mamba3_mimo_tied_core,1024,0.8542283020290647,0.008345129837068532,0.8378527737556958,0.8706038303024337,0.42767333984375
recall/random/K16,protected_qr,1024,1.2340736666165674e-26,1.0578948330806502e-26,-8.418181514367382e-27,3.309965484669873e-26,1.0
recall/random/K24,ridge,1024,0.3372195708096729,0.002772098206132353,0.33177992236352943,0.3426592192558164,0.45658365885416663
recall/random/K24,softmax,1024,3.180890909187887e-26,3.1807006957925485e-26,-3.060552326567887e-26,9.422334144943662e-26,1.0
recall/random/K24,hebbian,1024,1.4609598619793767,0.012945865406726317,1.4355563764578685,1.4863633475008848,0.284912109375
recall/random/K24,diagonal,1024,0.5854240820945174,0.0034334556760047936,0.5786866613957968,0.5921615027932379,0.17228190104166666
recall/random/K24,delta,1024,0.5892742264534402,0.0036167283405404696,0.5821771724406269,0.5963712804662534,0.17464192708333334
recall/random/K24,mamba3_siso_core,1024,1.2916188385441967,0.010689406624233571,1.2706431696429008,1.3125945074454926,0.27156575520833337
recall/random/K24,mamba3_mimo_tied_core,1024,1.291618838544196,0.010689406624233564,1.2706431696429004,1.3125945074454917,0.27156575520833337
recall/random/K32,ridge,1024,0.5011666509596765,0.00274621105019748,0.49577780050735754,0.5065555014119955,0.208099365234375
recall/random/K32,softmax,1024,1.1982273426020153e-31,7.163650789615936e-32,-2.0748555026179854e-32,2.6039402354658293e-31,1.0
recall/random/K32,hebbian,1024,1.9179298806141614,0.014440184579108763,1.889594114069524,1.9462656471587987,0.197906494140625
recall/random/K32,diagonal,1024,0.649339195799288,0.002939333382123536,0.6435713841721978,0.6551070074263782,0.1029052734375
recall/random/K32,delta,1024,0.666214263986369,0.003198594595360241,0.6599377078088121,0.6724908201639258,0.115509033203125
recall/random/K32,mamba3_siso_core,1024,1.6484933489373352,0.011274402130773685,1.6263697517659976,1.6706169461086728,0.17999267578125
recall/random/K32,mamba3_mimo_tied_core,1024,1.6484933489373341,0.011274402130773676,1.6263697517659965,1.6706169461086717,0.17999267578125
recall/clustered/K4,ridge,1024,1.2124681327877342e-14,5.179000798311838e-16,1.1108413448810438e-14,1.3140949206944246e-14,1.0
recall/clustered/K4,softmax,1024,6.169861260770792e-09,2.9991537608343197e-09,2.846649647745877e-10,1.2055057556766996e-08,1.0
recall/clustered/K4,hebbian,1024,2.2211175563699808,0.03768623634105252,2.1471663967393053,2.295068716000656,0.302001953125
recall/clustered/K4,diagonal,1024,1.0575705877122648,0.013483674203081341,1.0311117677235495,1.08402940770098,0.318603515625
recall/clustered/K4,delta,1024,0.7246731883411122,0.009624317868446494,0.7057875277889454,0.743558848893279,0.311767578125
recall/clustered/K4,mamba3_siso_core,1024,1.8748056692458208,0.028962811189572637,1.8179723613439636,1.931638977147678,0.299072265625
recall/clustered/K4,mamba3_mimo_tied_core,1024,1.8748056692458195,0.02896281118957261,1.8179723613439622,1.9316389771476767,0.299072265625
recall/clustered/K4,protected_qr,1024,2.0308896787644295e-31,5.558494384896189e-33,1.9218161427807107e-31,2.1399632147481482e-31,1.0
recall/clustered/K8,ridge,1024,5.4075397341278466e-14,2.2786447757103493e-15,4.960404546561767e-14,5.854674921693926e-14,1.0
recall/clustered/K8,softmax,1024,6.224294439258592e-07,5.777680616780797e-07,-5.113165149965117e-07,1.7561754028482302e-06,1.0
recall/clustered/K8,hebbian,1024,5.207077762669552,0.1031690294750521,5.004630659737693,5.409524865601412,0.1451416015625
recall/clustered/K8,diagonal,1024,1.5691511678810186,0.022164965955095865,1.5256571739273628,1.6126451618346744,0.1544189453125
recall/clustered/K8,delta,1024,0.8445406830242503,0.007086946677083289,0.8306340694726028,0.8584472965758979,0.1416015625
recall/clustered/K8,mamba3_siso_core,1024,4.806677826678696,0.09263492958256246,4.6249016364817965,4.988454016875595,0.1473388671875
recall/clustered/K8,mamba3_mimo_tied_core,1024,4.806677826678692,0.09263492958256239,4.624901636481793,4.9884540168755915,0.1473388671875
recall/clustered/K8,protected_qr,1024,4.359506709891816e-31,8.962292554312924e-33,4.183640931907816e-31,4.535372487875816e-31,1.0
recall/clustered/K16,ridge,1024,0.00015724942872924233,5.9423276640980885e-05,4.06439875043242e-05,0.0002738548699541605,1.0
recall/clustered/K16,softmax,1024,3.9428890598861235e-07,1.0601169961906208e-07,1.862636723117612e-07,6.023141396654635e-07,1.0
recall/clustered/K16,hebbian,1024,11.222699589428187,0.23767216859126616,10.756318910811164,11.68908026804521,0.071044921875
recall/clustered/K16,diagonal,1024,1.816950798229918,0.024610474530561317,1.7686580179659022,1.8652435784939339,0.07806396484375
recall/clustered/K16,delta,1024,0.9404003878771614,0.005562212917871051,0.9294857374550067,0.9513150382993161,0.06976318359375
recall/clustered/K16,mamba3_siso_core,1024,9.81926857822977,0.20505133408892653,9.416899294057583,10.221637862401959,0.07208251953125
recall/clustered/K16,mamba3_mimo_tied_core,1024,9.819268578229764,0.20505133408892637,9.416899294057576,10.221637862401952,0.07208251953125
recall/clustered/K16,protected_qr,1024,4.2724350368604454e-27,2.0844578721430966e-27,1.8213332959350571e-28,8.362736744127385e-27,1.0
recall/clustered/K24,ridge,1024,0.33407798108761877,0.0025443988819763425,0.32908514375087,0.33907081842436754,0.449951171875
recall/clustered/K24,softmax,1024,3.2114395751195388e-06,1.5276604360867278e-06,2.137334696824802e-07,6.209145680556597e-06,1.0
recall/clustered/K24,hebbian,1024,17.241109136544388,0.35715372565466263,16.540271516688797,17.94194675639998,0.047607421874999986
recall/clustered/K24,diagonal,1024,1.8576553757429854,0.02348063753226641,1.8115796583732693,1.9037310931127016,0.05131022135416666
recall/clustered/K24,delta,1024,0.9789738952666975,0.0047458910441113495,0.9696611015184251,0.98828668901497,0.04695638020833332
recall/clustered/K24,mamba3_siso_core,1024,14.137036878649244,0.29045234142252646,13.567086425882943,14.706987331415545,0.04593912760416666
recall/clustered/K24,mamba3_mimo_tied_core,1024,14.137036878649235,0.29045234142252624,13.567086425882934,14.706987331415537,0.04593912760416666
recall/clustered/K32,ridge,1024,0.5000095394695963,0.003005731320413219,0.494111436123026,0.5059076428161665,0.206298828125
recall/clustered/K32,softmax,1024,8.880609656920871e-07,1.8339230821964878e-07,5.28192876518751e-07,1.2479290548654232e-06,1.0
recall/clustered/K32,hebbian,1024,22.22104444148873,0.4953061260205492,21.249112353075407,23.19297652990205,0.034332275390625
recall/clustered/K32,diagonal,1024,1.7740217582750368,0.022270268125761494,1.7303211313861662,1.8177223851639075,0.037445068359375
recall/clustered/K32,delta,1024,1.0001449086732412,0.004537965938604448,0.9912401233694687,1.009049693977014,0.035400390625
recall/clustered/K32,mamba3_siso_core,1024,16.92445716344715,0.3717166493813608,16.19504292778264,17.65387139911166,0.034912109375
recall/clustered/K32,mamba3_mimo_tied_core,1024,16.924457163447137,0.3717166493813605,16.195042927782627,17.653871399111647,0.034912109375
